{
    "vertices":[-4,1.74846e-07,4,4,1.74846e-07,4,-4,-1.74846e-07,-4,4,-1.74846e-07,-4,-4,0.0953461,4,4,0.0953461,4,-4,0.0953457,-4,4,0.0953457,-4,-4,0.0953459,-4.1677e-09,0,0.0953461,4,4,0.0953459,-4.1677e-09,0,0.0953457,-4,0,0.0953459,-4.1677e-09,-4,0.095346,2,2,0.0953461,4,4,0.0953458,-2,-2,0.0953457,-4,-4,0.0953458,-2,-2,0.0953461,4,4,0.095346,2,2,0.0953457,-4,0,0.0953458,-2,0,0.095346,2,-2,0.0953459,-4.1677e-09,2,0.0953459,-4.1677e-09,2,0.095346,2,-2,0.095346,2,-2,0.0953458,-2,2,0.0953458,-2,-4,0.095346,3,3,0.0953461,4,4,0.0953458,-3,-3,0.0953457,-4,-4,0.0953459,-1,-1,0.0953461,4,4,0.095346,1,1,0.0953457,-4,0,0.0953458,-3,0,0.095346,1,-3,0.0953459,-4.1677e-09,1,0.0953459,-4.1677e-09,-4,0.095346,1,1,0.0953461,4,4,0.0953459,-1,-1,0.0953457,-4,-4,0.0953458,-3,-3,0.0953461,4,4,0.095346,3,3,0.0953457,-4,0,0.0953459,-1,0,0.095346,3,-1,0.0953459,-4.1677e-09,3,0.0953459,-4.1677e-09,2,0.095346,1,2,0.095346,3,1,0.095346,2,3,0.095346,2,-2,0.095346,1,-2,0.095346,3,-3,0.095346,2,-1,0.095346,2,-2,0.0953458,-3,-2,0.0953459,-1,-3,0.0953458,-2,-1,0.0953458,-2,2,0.0953458,-3,2,0.0953459,-1,1,0.0953458,-2,3,0.0953458,-2,3,0.0953459,-1,1,0.0953459,-1,1,0.0953458,-3,-1,0.0953459,-1,-3,0.0953459,-1,-3,0.0953458,-3,-1,0.095346,3,-3,0.095346,3,-3,0.095346,1,3,0.095346,3,1,0.095346,3,1,0.095346,1,3,0.095346,1,-1,0.095346,1,-1,0.0953458,-3,3,0.0953458,-3,-4,0.0223772,4,-4,0.0223768,-4,-4,6.10614,4,-4,6.10614,-4,4,0.0223761,-4,-4,0.0223761,-4,4,6.10614,-4,-4,6.10614,-4,-2.38419e-07,0.0223761,-4,4,6.10612,-4],
    "normals":[0,-1,4.37114e-08,0,1,-3.72529e-08,0,0,-1,-0,-0,-1,0,0,0,-0,0,-1,0,-0,1,-0,0,1,1,0,0,1,0,0,1,-0,0,-1,0,-0,-1,0,0,0,1,-4.47035e-08,-1,0,-0,-1,1.16793e-15,2.98023e-08,0.991406,-0.104129,-0.079187,0,0,1,0,7.83787e-08,1,-0,7.93302e-08,1,1.41287e-09,7.74497e-08,1],
    "metadata":{
        "version":3,
        "faces":108,
        "generator":"io_three",
        "vertices":95,
        "materials":4,
        "normals":21,
        "uvs":0,
        "type":"Geometry"
    },
    "uvs":[],
    "faces":[35,0,2,3,1,0,0,0,0,0,35,84,31,7,48,1,1,1,1,1,34,7,3,2,0,2,2,2,34,2,6,32,0,3,3,3,34,16,44,11,0,4,4,4,34,2,32,16,0,5,5,5,34,48,7,2,0,2,2,2,34,11,36,20,0,4,4,4,34,20,48,2,0,2,2,2,34,2,16,11,0,5,5,5,34,2,11,20,0,5,5,5,34,4,0,1,0,6,6,6,34,1,5,30,0,7,7,7,34,14,42,9,0,4,4,4,34,1,30,14,0,7,7,7,34,46,4,1,0,6,6,6,34,9,34,18,0,4,4,4,34,18,46,1,0,6,6,6,34,1,14,9,0,7,7,7,34,1,9,18,0,7,7,7,34,5,1,3,0,8,8,8,34,3,7,31,0,8,8,8,34,15,43,10,0,4,4,4,34,3,31,15,0,9,9,9,34,47,5,3,0,10,10,10,34,10,35,19,0,4,4,4,34,19,47,3,0,10,10,10,34,3,15,10,0,9,9,9,34,3,10,19,0,9,9,9,34,6,2,0,0,11,11,11,34,0,4,29,0,12,12,12,34,13,41,8,0,4,4,4,34,0,29,13,0,12,12,12,34,45,6,0,0,12,12,12,34,8,33,17,0,4,4,4,34,17,45,0,0,12,12,12,34,0,13,8,0,12,12,12,34,0,8,17,0,12,12,12,35,83,37,11,44,1,1,1,1,1,35,82,38,12,51,1,13,13,13,13,35,81,35,10,52,1,13,13,13,13,35,80,53,24,40,1,13,13,13,13,35,79,54,25,55,1,13,13,13,13,35,78,47,19,56,1,13,13,13,13,35,77,57,23,39,1,13,13,13,13,35,76,58,26,59,1,13,13,13,13,35,75,50,22,60,1,13,13,13,13,35,74,61,16,32,1,1,1,1,1,35,73,62,27,63,1,13,13,13,13,35,72,49,21,64,1,13,13,13,13,35,71,65,20,36,1,1,1,1,1,35,70,66,28,67,1,13,13,13,13,35,69,43,15,68,1,13,13,13,13,35,66,69,68,28,2,13,13,13,13,35,24,52,69,66,1,13,13,13,13,35,52,10,43,69,2,13,13,13,13,35,49,70,67,21,2,13,13,13,13,35,12,40,70,49,1,13,13,13,13,35,40,24,66,70,2,13,13,13,13,35,37,71,36,11,2,1,1,1,1,35,21,67,71,37,1,13,13,13,13,35,67,28,65,71,2,13,13,13,13,35,62,72,64,27,2,13,13,13,13,35,23,51,72,62,1,13,13,13,13,35,51,12,49,72,2,13,13,13,13,35,33,73,63,17,2,13,13,13,13,35,8,39,73,33,1,13,13,13,13,35,39,23,62,73,2,13,13,13,13,35,45,74,32,6,2,1,1,1,1,35,17,63,74,45,1,13,13,13,13,35,63,27,61,74,2,13,13,13,13,35,58,75,60,26,2,13,13,13,13,35,18,34,75,58,1,1,1,1,1,35,34,9,50,75,2,1,1,1,1,35,29,76,59,13,2,13,13,13,13,35,4,46,76,29,1,1,1,1,1,35,46,18,58,76,2,1,1,1,1,35,41,77,39,8,2,13,13,13,13,35,13,59,77,41,1,13,13,13,13,35,59,26,57,77,2,13,13,13,13,35,54,78,56,25,2,13,13,13,13,35,14,30,78,54,1,1,1,1,1,35,30,5,47,78,2,1,1,1,1,35,50,79,55,22,2,13,13,13,13,35,9,42,79,50,1,1,1,1,1,35,42,14,54,79,2,1,1,1,1,35,38,80,40,12,2,13,13,13,13,35,22,55,80,38,1,13,13,13,13,35,55,25,53,80,2,13,13,13,13,35,53,81,52,24,2,13,13,13,13,35,25,56,81,53,1,13,13,13,13,35,56,19,35,81,2,13,13,13,13,35,57,82,51,23,2,13,13,13,13,35,26,60,82,57,1,13,13,13,13,35,60,22,38,82,2,13,13,13,13,35,61,83,44,16,2,1,1,1,1,35,27,64,83,61,1,13,13,13,13,35,64,21,37,83,2,13,13,13,13,35,65,84,48,20,2,1,1,1,1,35,28,68,84,65,1,13,13,13,13,35,68,15,31,84,2,13,13,13,13,34,88,86,85,3,14,14,14,34,85,87,92,3,15,15,15,34,85,92,88,3,16,16,16,34,6,90,93,0,17,17,17,34,93,89,91,0,18,18,18,34,91,92,6,0,19,19,19,34,93,91,6,0,20,20,20],
    "materials":[{
        "DbgName":"white",
        "transparent":true,
        "doubleSided":false,
        "DbgIndex":0,
        "wireframe":false,
        "DbgColor":15658734,
        "depthWrite":true,
        "specularCoef":50,
        "colorEmissive":[0,0,0],
        "visible":true,
        "opacity":0.19,
        "colorSpecular":[0.260417,0.260417,0.260417],
        "shading":"phong",
        "depthTest":true,
        "colorDiffuse":[0.64,0.64,0.64],
        "blending":1
    },{
        "DbgName":"blue",
        "transparent":false,
        "doubleSided":false,
        "DbgIndex":1,
        "wireframe":false,
        "DbgColor":15597568,
        "depthWrite":true,
        "specularCoef":50,
        "colorEmissive":[0,0,0],
        "visible":true,
        "opacity":1,
        "colorSpecular":[0.4,0.4,0.4],
        "shading":"phong",
        "depthTest":true,
        "colorDiffuse":[0.0184161,0.0298568,0.457531],
        "blending":1
    },{
        "DbgName":"white.001",
        "transparent":false,
        "doubleSided":false,
        "DbgIndex":2,
        "wireframe":false,
        "DbgColor":60928,
        "depthWrite":true,
        "specularCoef":50,
        "colorEmissive":[0,0,0],
        "visible":true,
        "opacity":1,
        "colorSpecular":[0.0104167,0.0104167,0.0104167],
        "shading":"phong",
        "depthTest":true,
        "colorDiffuse":[0.64,0.64,0.64],
        "blending":1
    },{
        "DbgName":"Mirror",
        "transparent":false,
        "doubleSided":false,
        "DbgIndex":3,
        "wireframe":false,
        "DbgColor":238,
        "depthWrite":true,
        "specularCoef":50,
        "colorEmissive":[0,0,0],
        "visible":true,
        "opacity":1,
        "colorSpecular":[1,1,1],
        "shading":"phong",
        "depthTest":true,
        "colorDiffuse":[0.8,0.8,0.8],
        "blending":1
    }]
}